{
    "id": "심선혜 최고",
    "title": "위인전 : 심선혜",
    "createAt": "2022 - 10 - 29",
    "pages": [
        {
            "page": 0,
            "data": [
                "{\"type\":\"obj\",\"position\":{\"x\":0.0,\"y\":-2.243751049041748,\"z\":-2.988953113555908},\"prefab\":\"Chicken\",\"rotation\":{\"x\":-0.0029607622418552639,\"y\":0.9397475719451904,\"z\":0.004834209568798542,\"w\":-0.3418223261833191},\"scale\":{\"x\":10.0,\"y\":10.0,\"z\":10.0},\"anim\":\"\"}",
                "{\"type\":\"obj\",\"position\":{\"x\":-1.367094874382019,\"y\":-2.305081844329834,\"z\":-2.700982093811035},\"prefab\":\"Duck\",\"rotation\":{\"x\":0.0,\"y\":0.9714025259017944,\"z\":0.0,\"w\":0.23743866384029389},\"scale\":{\"x\":6.41446590423584,\"y\":6.41446590423584,\"z\":6.41446590423584},\"anim\":\"\"}",
                "{\"type\":\"obj\",\"position\":{\"x\":-1.819246768951416,\"y\":-2.3025779724121095,\"z\":-3.0310158729553224},\"prefab\":\"Duck\",\"rotation\":{\"x\":0.0,\"y\":0.8872458338737488,\"z\":0.0,\"w\":0.4612969160079956},\"scale\":{\"x\":5.757948875427246,\"y\":5.757948875427246,\"z\":5.757948875427246},\"anim\":\"\"}"
            ]
        }
    ]
}