{
    "id": "심선혜 최고",
    "title": "위인전 : 심선혜",
    "createAt": "2022 - 11 - 01",
    "pages": [
        {
            "page": 0,
            "data": [
                "{\"type\":\"obj\",\"position\":{\"x\":1.6994301080703736,\"y\":37.686279296875,\"z\":0.0},\"prefab\":\"Sheep2\",\"rotation\":{\"x\":0.0,\"y\":0.828122079372406,\"z\":0.0,\"w\":-0.5605478286743164},\"scale\":{\"x\":3.0,\"y\":3.0,\"z\":3.0},\"anim\":\"Sheep2_Jump\"}",
                "{\"type\":\"obj\",\"position\":{\"x\":-1.0289463996887208,\"y\":37.8722038269043,\"z\":-0.4247780442237854},\"prefab\":\"Boy_1\",\"rotation\":{\"x\":0.0,\"y\":0.9472296833992004,\"z\":0.0,\"w\":0.32055574655532839},\"scale\":{\"x\":1.0,\"y\":1.0,\"z\":1.0},\"anim\":\"Boy_1_Cry\"}",
                "{\"type\":\"text\",\"position\":{\"x\":-68.77801513671875,\"y\":-278.839111328125,\"z\":0.0},\"font\":\"BMJUA_ttf\",\"size\":60,\"content\":\"양치기 소년\",\"color\":\"38761DFF\"}"
            ]
        },
        {
            "page": 1,
            "data": [
                "{\"type\":\"obj\",\"position\":{\"x\":-1.0535616874694825,\"y\":17.975610733032228,\"z\":-1.8692907094955445},\"prefab\":\"Boy_1\",\"rotation\":{\"x\":0.0,\"y\":0.8490261435508728,\"z\":0.0,\"w\":0.5283509492874146},\"scale\":{\"x\":1.0,\"y\":1.0,\"z\":1.0},\"anim\":\"Boy_1_Lay\"}",
                "{\"type\":\"obj\",\"position\":{\"x\":-1.102297067642212,\"y\":17.749000549316408,\"z\":-0.07391232252120972},\"prefab\":\"Dog\",\"rotation\":{\"x\":0.0,\"y\":0.5283510088920593,\"z\":0.0,\"w\":0.849026083946228},\"scale\":{\"x\":0.45618677139282229,\"y\":0.36136341094970705,\"z\":0.3146803081035614},\"anim\":\"Dog_Eat\"}",
                "{\"type\":\"obj\",\"position\":{\"x\":-2.4929141998291017,\"y\":17.791339874267579,\"z\":0.0},\"prefab\":\"PoplarTree\",\"rotation\":{\"x\":0.0,\"y\":0.0,\"z\":0.0,\"w\":1.0},\"scale\":{\"x\":1.0,\"y\":1.0,\"z\":1.0},\"anim\":\"\"}",
                "{\"type\":\"obj\",\"position\":{\"x\":3.1728060245513918,\"y\":17.630043029785158,\"z\":0.0},\"prefab\":\"PoplarTree\",\"rotation\":{\"x\":0.0,\"y\":0.0,\"z\":0.0,\"w\":1.0},\"scale\":{\"x\":1.0,\"y\":1.0,\"z\":1.0},\"anim\":\"\"}",
                "{\"type\":\"obj\",\"position\":{\"x\":-0.1285126656293869,\"y\":17.694992065429689,\"z\":-0.31374984979629519},\"prefab\":\"Sheep2\",\"rotation\":{\"x\":0.0,\"y\":0.9777914881706238,\"z\":0.0,\"w\":0.20958027243614198},\"scale\":{\"x\":3.0,\"y\":3.0,\"z\":3.0},\"anim\":\"Sheep2_Eat\"}",
                "{\"type\":\"obj\",\"position\":{\"x\":1.0411525964736939,\"y\":17.828632354736329,\"z\":-0.8537524342536926},\"prefab\":\"Sheep\",\"rotation\":{\"x\":0.0,\"y\":0.5763393640518189,\"z\":0.0,\"w\":0.8172104954719544},\"scale\":{\"x\":0.7067226767539978,\"y\":0.706722617149353,\"z\":0.7067226767539978},\"anim\":\"Sheep_Eat\"}",
                "{\"type\":\"obj\",\"position\":{\"x\":0.34945574402809145,\"y\":17.647214889526368,\"z\":-1.4220359325408936},\"prefab\":\"Sheep2\",\"rotation\":{\"x\":0.0,\"y\":0.7944881319999695,\"z\":0.0,\"w\":-0.6072797179222107},\"scale\":{\"x\":3.0,\"y\":3.0,\"z\":3.0},\"anim\":\"Sheep2_Run\"}",
                "{\"type\":\"text\",\"position\":{\"x\":0.0,\"y\":-350.0,\"z\":0.0},\"font\":\"Arial\",\"size\":20,\"content\":\"ㅇ\",\"color\":\"323232FF\"}",
                "{\"type\":\"text\",\"position\":{\"x\":-367.33197021484377,\"y\":-438.8187255859375,\"z\":0.0},\"font\":\"BMDOHYEON_ttf\",\"size\":40,\"content\":\"옛날 어느 마을에 양치기 소년이 살았어요.\",\"color\":\"000000FF\"}"
            ]
        },
        {
            "page": 2,
            "data": [
                "{\"type\":\"obj\",\"position\":{\"x\":-0.812049388885498,\"y\":-2.189760684967041,\"z\":-1.2891628742218018},\"prefab\":\"Boy_1\",\"rotation\":{\"x\":0.0,\"y\":0.8281219601631165,\"z\":0.0,\"w\":0.5605480074882507},\"scale\":{\"x\":1.5786993503570557,\"y\":1.9785876274108887,\"z\":2.1754605770111086},\"anim\":\"Boy_1_Lay\"}",
                "{\"type\":\"obj\",\"position\":{\"x\":1.351931095123291,\"y\":-2.236626148223877,\"z\":-0.5378849506378174},\"prefab\":\"Dog\",\"rotation\":{\"x\":0.0,\"y\":0.37454044818878176,\"z\":0.0,\"w\":0.9272105693817139},\"scale\":{\"x\":1.0,\"y\":1.0,\"z\":1.0},\"anim\":\"Dog_Eat\"}",
                "{\"type\":\"text\",\"position\":{\"x\":-211.160888671875,\"y\":-25.29534912109375,\"z\":0.0},\"font\":\"BMDOHYEON_ttf\",\"size\":40,\"content\":\"양치기 소년이 말했어요.\",\"color\":\"FFFFFFFF\"}",
                "{\"type\":\"text\",\"position\":{\"x\":-387.1282958984375,\"y\":-86.8839111328125,\"z\":0.0},\"font\":\"BMDOHYEON_ttf\",\"size\":40,\"content\":\"\\\"아유! 심심해! 뭐 재미있는 일이 없을까?\\\"\",\"color\":\"FFFFFFFF\"}"
            ]
        },
        {
            "page": 3,
            "data": [
                "{\"type\":\"obj\",\"position\":{\"x\":-2.430260181427002,\"y\":-22.22698402404785,\"z\":-0.7136048078536987},\"prefab\":\"Boy_1\",\"rotation\":{\"x\":-0.010104442946612835,\"y\":0.9040235280990601,\"z\":-0.016234636306762697,\"w\":0.42705488204956057},\"scale\":{\"x\":1.2300888299942017,\"y\":1.2300885915756226,\"z\":1.2300889492034913},\"anim\":\"Boy_1_Run\"}",
                "{\"type\":\"obj\",\"position\":{\"x\":-2.993720054626465,\"y\":-22.271028518676759,\"z\":0.0},\"prefab\":\"PoplarTree\",\"rotation\":{\"x\":0.0,\"y\":0.0,\"z\":0.0,\"w\":1.0},\"scale\":{\"x\":1.0,\"y\":1.0,\"z\":1.0},\"anim\":\"\"}",
                "{\"type\":\"obj\",\"position\":{\"x\":3.321355104446411,\"y\":-21.918352127075197,\"z\":-0.6235209703445435},\"prefab\":\"House_2\",\"rotation\":{\"x\":0.0,\"y\":0.4445587396621704,\"z\":0.0,\"w\":0.8957497477531433},\"scale\":{\"x\":1.0,\"y\":1.0,\"z\":1.0},\"anim\":\"\"}",
                "{\"type\":\"obj\",\"position\":{\"x\":0.877423107624054,\"y\":-21.839229583740236,\"z\":0.0},\"prefab\":\"House_4\",\"rotation\":{\"x\":0.0,\"y\":0.24695391952991486,\"z\":0.0,\"w\":0.9690272212028503},\"scale\":{\"x\":1.0,\"y\":1.0,\"z\":1.0},\"anim\":\"\"}",
                "{\"type\":\"text\",\"position\":{\"x\":-433.3197021484375,\"y\":-366.232177734375,\"z\":0.0},\"font\":\"BMDOHYEON_ttf\",\"size\":40,\"content\":\"궁리를 하던 양치기는 마을을 향해\",\"color\":\"323232FF\"}",
                "{\"type\":\"text\",\"position\":{\"x\":-435.519287109375,\"y\":-430.0203857421875,\"z\":0.0},\"font\":\"BMDOHYEON_ttf\",\"size\":40,\"content\":\"마구 달려가며 소리쳤어요!\",\"color\":\"323232FF\"}"
            ]
        },
        {
            "page": 4,