{
    "id": "심선혜 최고",
    "title": "위인전 : 심선혜",
    "createAt": "2022 - 10 - 25",
    "pages": [
        {
            "page": 0,
            "data": [
                "{\"type\":\"obj\",\"position\":{\"x\":1.4297956228256226,\"y\":0.0,\"z\":0.0},\"prefab\":\"Dragon\",\"rotation\":{\"x\":0.1890915483236313,\"y\":0.24220634996891023,\"z\":0.020487351343035699,\"w\":0.9513993859291077},\"scale\":{\"x\":2.285691499710083,\"y\":2.5391311645507814,\"z\":1.0}}",
                "{\"type\":\"text\",\"position\":{\"x\":147.434814453125,\"y\":-111.99993896484375,\"z\":0.0},\"font\":\"0\",\"size\":15,\"content\":\"\"}"
            ]
        },
        {
            "page": 0,
            "data": [
                "{\"type\":\"obj\",\"position\":{\"x\":1.4297956228256226,\"y\":0.0,\"z\":0.0},\"prefab\":\"Dragon\",\"rotation\":{\"x\":0.1890915483236313,\"y\":0.24220634996891023,\"z\":0.020487351343035699,\"w\":0.9513993859291077},\"scale\":{\"x\":2.285691499710083,\"y\":2.5391311645507814,\"z\":1.0}}",
                "{\"type\":\"text\",\"position\":{\"x\":147.434814453125,\"y\":-111.99993896484375,\"z\":0.0},\"font\":\"0\",\"size\":15,\"content\":\"\"}"
            ]
        }
    ]
}