{
    "id": "심선혜 최고",
    "title": "위인전 : 심선혜",
    "createAt": "2022 - 11 - 02",
    "pages": [
        {
            "page": 0,
            "data": [
                "{\"type\":\"obj\",\"position\":{\"x\":0.0059262607246637348,\"y\":-2.2955408096313478,\"z\":-0.16091659665107728},\"prefab\":\"Princess_3\",\"rotation\":{\"x\":0.0,\"y\":0.9999186396598816,\"z\":0.0,\"w\":-0.012756920419633389},\"scale\":{\"x\":1.0,\"y\":1.0,\"z\":1.0},\"anim\":\"Princess_3_Kiss\"}"
            ]
        }
    ]
}